<resources xmlns:tools="http://schemas.android.com/tools">
    <!-- Base application theme. -->
    <style name="Theme.ProjetoListaTarefas" parent="Theme.MaterialComponents.DayNight.DarkActionBar">

        <item name="colorPrimary">@color/primaria</item>
        <item name="colorPrimaryVariant">@color/primaria_variacao</item>
        <item name="colorOnPrimary">@color/white</item>
        <!-- Secondary brand color. -->
        <item name="colorSecondary">@color/secundaria</item>
        <item name="colorSecondaryVariant">@color/secundaria_variacao</item>
        <item name="colorOnSecondary">@color/black</item>
        <!-- Status bar color. -->
        <item name="android:statusBarColor" tools:targetApi="l">?attr/colorPrimaryVariant</item>

        <!-- Customize your theme here. -->
        <item name="android:windowBackground">@color/fundo</item>

    </style>
</resources>